Pagina,Erros
Pagina 0,0
Pagina 1,0
Pagina 2,0
Pagina 3,0
Pagina 4,0
Pagina 5,0
Pagina 6,0
Pagina 7,0
Pagina 8,0
Pagina 9,0
Pagina 10,0
Pagina 11,0
Pagina 12,0
Pagina 13,0
Pagina 14,0
Pagina 15,0
Pagina 16,0
Pagina 17,0
Pagina 18,0
Pagina 19,0
Pagina 20,0
Pagina 21,0
Pagina 22,0
Pagina 23,0
Pagina 24,0
Pagina 25,1
Pagina 26,1
Pagina 27,1
Pagina 28,1
Pagina 29,1
Pagina 30,1
Pagina 31,1
Pagina 32,1
Pagina 33,1
Pagina 34,1
Pagina 35,1
Pagina 36,1
Pagina 37,1
Pagina 38,1
Pagina 39,1
Pagina 40,1
Pagina 41,1
Pagina 42,1
Pagina 43,1
Pagina 44,1
Pagina 45,2
Pagina 46,2
Pagina 47,2
Pagina 48,3
Pagina 49,4
